Person 1,Person 2,Anniversary
Jaime Allison,Gregory Stanton,1996-05-27
Todd Mckenzie,Richard Hayes,1995-02-28
Karen Rich,Leah Ray,1979-07-21
Earl Harvey,Richard Fuentes,2006-08-04
Mr. David Perez,Nicholas Nichols,2003-06-27
Justin Bell,Michael Simmons,2019-03-30
Jerry Ali,Jacob Orr,1976-03-02
Greg Murray,Theresa Diaz,2004-10-05
Deborah Payne,April Miller,2005-07-22
Mrs. Karen Walker MD,Chad Smith,1995-12-17
Paul Anderson,Robert Martin,2019-02-03
Cody Chandler,William Carpenter,2000-10-17
Todd Mckenzie,Karen Rich,1993-10-07
Elizabeth Crawford,William Carpenter,1974-08-26
Jose Dawson,Kelly Pacheco,2018-11-03
Maria Nelson,Chase Jackson,1997-11-20
Rita Ray,Alicia Baker MD,2018-06-17
Christopher Santana,Christina Craig,1999-03-14
Kimberly Mccoy,Veronica Ford,1984-07-24
Dr. Tony Walker,Mark Holt,1976-08-24
Richard Hayes,Brian Bennett,1984-08-26
Cody Chandler,Ryan Harris,2020-02-16
Cody Chandler,Chad Smith,2018-08-04
Allison Nielsen,Tracy Stephens,1994-04-03
Mark Holt,Ann Thomas,2005-09-16
Michael Santos,Thomas Stewart,2024-01-31
Deborah Payne,Bethany Cruz,1985-01-18
Veronica Ford,Allison Nielsen,1976-01-16
Deborah Payne,Ann Thomas,2022-06-09
Paul Anderson,Patricia Davis,1976-07-08
Tracy Stephens,Sarah Grant,1996-03-20
